PROD_GROUP,PROD_CD,PROD_LONG_DESC,PROD_SHORT_DESC,SERIES,PRODUCT_NATURE,COLOR,DisplayOrder_1,DisplayOrder_2,Eff_Start_Date,Eff_End_Date
IPHONE11_11PRO_11PROMAX,MWN02ZA/A,iPhone 11 64GB Black,iPhone 11 64GB,iPhone 11,64GB,Black,1,1,9/12/2019,12/31/2999
IPHONE11_11PRO_11PROMAX,MWN12ZA/A,iPhone 11 64GB White,iPhone 11 64GB,iPhone 11,64GB,White,1,2,9/12/2019,12/31/2999
IPHONE11_11PRO_11PROMAX,MWN22ZA/A,iPhone 11 64GB (PRODUCT)RED,iPhone 11 64GB,iPhone 11,64GB,(PRODUCT)RED,1,3,9/12/2019,12/31/2999
IPHONE11_11PRO_11PROMAX,MWN32ZA/A,iPhone 11 64GB Yellow,iPhone 11 64GB,iPhone 11,64GB,Yellow,1,4,9/12/2019,12/31/2999
IPHONE11_11PRO_11PROMAX,MWN52ZA/A,iPhone 11 64GB Purple,iPhone 11 64GB,iPhone 11,64GB,Purple,1,5,9/12/2019,12/31/2999
IPHONE11_11PRO_11PROMAX,MWN62ZA/A,iPhone 11 64GB Green,iPhone 11 64GB,iPhone 11,64GB,Green,1,6,9/12/2019,12/31/2999
IPHONE11_11PRO_11PROMAX,MWN72ZA/A,iPhone 11 128GB Black,iPhone 11 128GB,iPhone 11,128GB,Black,1,7,9/12/2019,12/31/2999
IPHONE11_11PRO_11PROMAX,MWN82ZA/A,iPhone 11 128GB White,iPhone 11 128GB,iPhone 11,128GB,White,1,8,9/12/2019,12/31/2999
IPHONE11_11PRO_11PROMAX,MWN92ZA/A,iPhone 11 128GB (PRODUCT)RED,iPhone 11 128GB,iPhone 11,128GB,(PRODUCT)RED,1,9,9/12/2019,12/31/2999
IPHONE11_11PRO_11PROMAX,MWNC2ZA/A,iPhone 11 128GB Yellow,iPhone 11 128GB,iPhone 11,128GB,Yellow,1,10,9/12/2019,12/31/2999
IPHONE11_11PRO_11PROMAX,MWND2ZA/A,iPhone 11 128GB Purple,iPhone 11 128GB,iPhone 11,128GB,Purple,1,11,9/12/2019,12/31/2999
IPHONE11_11PRO_11PROMAX,MWNE2ZA/A,iPhone 11 128GB Green,iPhone 11 128GB,iPhone 11,128GB,Green,1,12,9/12/2019,12/31/2999
IPHONE11_11PRO_11PROMAX,MWNF2ZA/A,iPhone 11 256GB Black,iPhone 11 256GB,iPhone 11,256GB,Black,1,13,9/12/2019,12/31/2999
IPHONE11_11PRO_11PROMAX,MWNG2ZA/A,iPhone 11 256GB White,iPhone 11 256GB,iPhone 11,256GB,White,1,14,9/12/2019,12/31/2999
IPHONE11_11PRO_11PROMAX,MWNH2ZA/A,iPhone 11 256GB (PRODUCT)RED,iPhone 11 256GB,iPhone 11,256GB,(PRODUCT)RED,1,15,9/12/2019,12/31/2999
IPHONE11_11PRO_11PROMAX,MWNJ2ZA/A,iPhone 11 256GB Yellow,iPhone 11 256GB,iPhone 11,256GB,Yellow,1,16,9/12/2019,12/31/2999
IPHONE11_11PRO_11PROMAX,MWNK2ZA/A,iPhone 11 256GB Purple,iPhone 11 256GB,iPhone 11,256GB,Purple,1,17,9/12/2019,12/31/2999
IPHONE11_11PRO_11PROMAX,MWNL2ZA/A,iPhone 11 256GB Green,iPhone 11 256GB,iPhone 11,256GB,Green,1,18,9/12/2019,12/31/2999
IPHONE11_11PRO_11PROMAX,MWD92ZA/A,iPhone 11 Pro 64GB Space Grey,iPhone 11 Pro 64GB,iPhone 11 Pro,64GB,SpaceGrey,2,1,9/12/2019,12/31/2999
IPHONE11_11PRO_11PROMAX,MWDA2ZA/A,iPhone 11 Pro 64GB Silver,iPhone 11 Pro 64GB,iPhone 11 Pro,64GB,Silver,2,2,9/12/2019,12/31/2999
IPHONE11_11PRO_11PROMAX,MWDC2ZA/A,iPhone 11 Pro 64GB Gold,iPhone 11 Pro 64GB,iPhone 11 Pro,64GB,Gold,2,3,9/12/2019,12/31/2999
IPHONE11_11PRO_11PROMAX,MWDD2ZA/A,iPhone 11 Pro 64GB Midnight Green,iPhone 11 Pro 64GB,iPhone 11 Pro,64GB,MidnightGreen,2,4,9/12/2019,12/31/2999
IPHONE11_11PRO_11PROMAX,MWDE2ZA/A,iPhone 11 Pro 256GB Space Grey,iPhone 11 Pro 256GB,iPhone 11 Pro,256GB,SpaceGrey,2,5,9/12/2019,12/31/2999
IPHONE11_11PRO_11PROMAX,MWDF2ZA/A,iPhone 11 Pro 256GB Silver,iPhone 11 Pro 256GB,iPhone 11 Pro,256GB,Silver,2,6,9/12/2019,12/31/2999
IPHONE11_11PRO_11PROMAX,MWDG2ZA/A,iPhone 11 Pro 256GB Gold,iPhone 11 Pro 256GB,iPhone 11 Pro,256GB,Gold,2,7,9/12/2019,12/31/2999
IPHONE11_11PRO_11PROMAX,MWDH2ZA/A,iPhone 11 Pro 256GB Midnight Green,iPhone 11 Pro 256GB,iPhone 11 Pro,256GB,MidnightGreen,2,8,9/12/2019,12/31/2999
IPHONE11_11PRO_11PROMAX,MWDJ2ZA/A,iPhone 11 Pro 512GB Space Grey,iPhone 11 Pro 512GB,iPhone 11 Pro,512GB,SpaceGrey,2,9,9/12/2019,12/31/2999
IPHONE11_11PRO_11PROMAX,MWDK2ZA/A,iPhone 11 Pro 512GB Silver,iPhone 11 Pro 512GB,iPhone 11 Pro,512GB,Silver,2,10,9/12/2019,12/31/2999
IPHONE11_11PRO_11PROMAX,MWDL2ZA/A,iPhone 11 Pro 512GB Gold,iPhone 11 Pro 512GB,iPhone 11 Pro,512GB,Gold,2,11,9/12/2019,12/31/2999
IPHONE11_11PRO_11PROMAX,MWDM2ZA/A,iPhone 11 Pro 512GB Midnight Green,iPhone 11 Pro 512GB,iPhone 11 Pro,512GB,MidnightGreen,2,12,9/12/2019,12/31/2999
IPHONE11_11PRO_11PROMAX,MWEV2ZA/A,iPhone 11 Pro Max 64GB Space Grey,iPhone 11 Pro Max 64GB,iPhone 11 Pro Max,64GB,SpaceGrey,3,1,9/12/2019,12/31/2999
IPHONE11_11PRO_11PROMAX,MWEW2ZA/A,iPhone 11 Pro Max 64GB Silver,iPhone 11 Pro Max 64GB,iPhone 11 Pro Max,64GB,Silver,3,2,9/12/2019,12/31/2999
IPHONE11_11PRO_11PROMAX,MWEX2ZA/A,iPhone 11 Pro Max 64GB Gold,iPhone 11 Pro Max 64GB,iPhone 11 Pro Max,64GB,Gold,3,3,9/12/2019,12/31/2999
IPHONE11_11PRO_11PROMAX,MWF02ZA/A,iPhone 11 Pro Max 64GB Midnight Green,iPhone 11 Pro Max 64GB,iPhone 11 Pro Max,64GB,MidnightGreen,3,4,9/12/2019,12/31/2999
IPHONE11_11PRO_11PROMAX,MWF12ZA/A,iPhone 11 Pro Max 256GB Space Grey,iPhone 11 Pro Max 256GB,iPhone 11 Pro Max,256GB,SpaceGrey,3,5,9/12/2019,12/31/2999
IPHONE11_11PRO_11PROMAX,MWF22ZA/A,iPhone 11 Pro Max 256GB Silver,iPhone 11 Pro Max 256GB,iPhone 11 Pro Max,256GB,Silver,3,6,9/12/2019,12/31/2999
IPHONE11_11PRO_11PROMAX,MWF32ZA/A,iPhone 11 Pro Max 256GB Gold,iPhone 11 Pro Max 256GB,iPhone 11 Pro Max,256GB,Gold,3,7,9/12/2019,12/31/2999
IPHONE11_11PRO_11PROMAX,MWF42ZA/A,iPhone 11 Pro Max 256GB Midnight Green,iPhone 11 Pro Max 256GB,iPhone 11 Pro Max,256GB,MidnightGreen,3,8,9/12/2019,12/31/2999
IPHONE11_11PRO_11PROMAX,MWF52ZA/A,iPhone 11 Pro Max 512GB Space Grey,iPhone 11 Pro Max 512GB,iPhone 11 Pro Max,512GB,SpaceGrey,3,9,9/12/2019,12/31/2999
IPHONE11_11PRO_11PROMAX,MWF62ZA/A,iPhone 11 Pro Max 512GB Silver,iPhone 11 Pro Max 512GB,iPhone 11 Pro Max,512GB,Silver,3,10,9/12/2019,12/31/2999
IPHONE11_11PRO_11PROMAX,MWF72ZA/A,iPhone 11 Pro Max 512GB Gold,iPhone 11 Pro Max 512GB,iPhone 11 Pro Max,512GB,Gold,3,11,9/12/2019,12/31/2999
IPHONE11_11PRO_11PROMAX,MWF82ZA/A,iPhone 11 Pro Max 512GB Midnight Green,iPhone 11 Pro Max 512GB,iPhone 11 Pro Max,512GB,MidnightGreen,3,12,9/12/2019,12/31/2999
