ID||KEY_TBL||KEY_GROUP||Purpose||SalesNature||DisplayOrder1||DisplayOrder2||Cal_Order||Formula_Flg||Formula_Obj1||Formula_Op||Formula_Obj2||Num||Num_Cond1_Col||Num_Cond1_Val||Num_Cond2_Col||Num_Cond2_Val||Num_Cond3_Col||Num_Cond3_Val||Num_Cond4_Col||Num_Cond4_Val||Num_Cond5_Col||Num_Cond5_Val||Num_G_Order_Date||Num_G_Prod_CD||Num_G_Series||Num_G_Product_Nature||Num_G_Color||Num_G_Cust_Nature||Num_G_Prod_Type||Num_G_HSO_DESC||Num_G_CUST_SEGMENT||Num_G_Dummy1||Num_G_Dummy2
IPHONE11_PRO_PROMAX_DAILY_REG_01||PRD_BIZ_SUMM.PREORDER_REG_SUMM_DETAILS||IPHONE11_11PRO_11PROMAX||DAILY_REG||Preorder Nos||1||0||1||N|| || || ||Count(Distinct(Case_ID))||D_Valid||='VALID'||D_Series||is not null|| || || || || || ||ORIGINAL_SUBMIT_DATE||ANY||D_SERIES||D_PRODUCT_NATURE||D_COLOR||D_CUST_NATURE||D_PROD_TYPE||ANY||ANY||ANY||ANY
IPHONE11_PRO_PROMAX_DAILY_REG_02||PRD_BIZ_SUMM.PREORDER_REG_SUMM_DETAILS||IPHONE11_11PRO_11PROMAX||DAILY_REG||Allocated Nos||2||0||1||N|| || || ||Count(Distinct(Case_ID))||Status||in ('PF','PRF','F','O')||SERIES||is not null|| || || || || || ||ORIGINAL_SUBMIT_DATE||ANY||SERIES||PRODUCT_NATURE||COLOR||D_CUST_NATURE||D_PROD_TYPE||ANY||ANY||ANY||ANY
IPHONE11_PRO_PROMAX_DAILY_REG_03||PRD_BIZ_SUMM.PREORDER_REG_SUMM_DETAILS||IPHONE11_11PRO_11PROMAX||DAILY_REG||Fulfilled Nos||3||0||1||N|| || || ||Count(Distinct(Case_ID))||D_DISPLAY_STATUS||= 'F'||SERIES||is not null|| || || || || || ||ORIGINAL_SUBMIT_DATE||ANY||SERIES||PRODUCT_NATURE||COLOR||D_CUST_NATURE||D_PROD_TYPE||ANY||ANY||ANY||ANY
IPHONE11_PRO_PROMAX_DAILY_REG_04||PRD_BIZ_SUMM.PREORDER_REG_SUMM_DETAILS||IPHONE11_11PRO_11PROMAX||DAILY_REG||Expired Nos||4||0||1||N|| || || ||Count(Distinct(Case_ID))||D_DISPLAY_STATUS||= 'O'||SERIES||is not null|| || || || || || ||ORIGINAL_SUBMIT_DATE||ANY||SERIES||PRODUCT_NATURE||COLOR||D_CUST_NATURE||D_PROD_TYPE||ANY||ANY||ANY||ANY
IPHONE11_PRO_PROMAX_DAILY_REG_05||PRD_BIZ_SUMM.PREORDER_REG_SUMM_DETAILS||IPHONE11_11PRO_11PROMAX||DAILY_REG||Void Nos||5||0||1||N|| || || ||Count(Distinct(Case_ID))||D_DISPLAY_STATUS||= 'V'||SERIES||is not null|| || || || || || ||ORIGINAL_SUBMIT_DATE||ANY||SERIES||PRODUCT_NATURE||COLOR||D_CUST_NATURE||D_PROD_TYPE||ANY||ANY||ANY||ANY
IPHONE11_PRO_PROMAX_DAILY_REG_06||PRD_BIZ_SUMM.PREORDER_REG_SUMM_DETAILS||IPHONE11_11PRO_11PROMAX||DAILY_REG||Fulfilled %||6||0||2||Y||IPHONE11_PRO_PROMAX_DAILY_REG_03||/||IPHONE11_PRO_PROMAX_DAILY_REG_01|| || || || || || || || || || || || || || || || || || || || || || 
IPHONE11_PRO_PROMAX_DAILY_REG_07||PRD_BIZ_SUMM.PREORDER_REG_SUMM_DETAILS||IPHONE11_11PRO_11PROMAX||DAILY_REG||Expired %||7||0||2||Y||IPHONE11_PRO_PROMAX_DAILY_REG_04||/||IPHONE11_PRO_PROMAX_DAILY_REG_01|| || || || || || || || || || || || || || || || || || || || || || 
IPHONE11_PRO_PROMAX_DAILY_REG_08||PRD_BIZ_SUMM.PREORDER_REG_SUMM_DETAILS||IPHONE11_11PRO_11PROMAX||DAILY_REG||Void %||8||0||2||Y||IPHONE11_PRO_PROMAX_DAILY_REG_05||/||IPHONE11_PRO_PROMAX_DAILY_REG_01|| || || || || || || || || || || || || || || || || || || || || || 
IPHONE11_PRO_PROMAX_DAILY_REG_09||PRD_BIZ_SUMM.PREORDER_REG_SUMM_DETAILS||IPHONE11_11PRO_11PROMAX||DAILY_REG||Preorder Nos||1||0||1||N|| || || ||Count(Distinct(Case_ID))||D_Valid||='VALID'||D_Series||is not null|| || || || || || ||ORIGINAL_SUBMIT_DATE||ANY||D_SERIES||D_PRODUCT_NATURE||ANY||D_CUST_NATURE||D_PROD_TYPE||ANY||ANY||ANY||ANY
IPHONE11_PRO_PROMAX_DAILY_REG_10||PRD_BIZ_SUMM.PREORDER_REG_SUMM_DETAILS||IPHONE11_11PRO_11PROMAX||DAILY_REG||Allocated Nos||2||0||1||N|| || || ||Count(Distinct(Case_ID))||Status||in ('PF','PRF','F','O')||SERIES||is not null|| || || || || || ||ORIGINAL_SUBMIT_DATE||ANY||SERIES||PRODUCT_NATURE||ANY||D_CUST_NATURE||D_PROD_TYPE||ANY||ANY||ANY||ANY
IPHONE11_PRO_PROMAX_DAILY_REG_11||PRD_BIZ_SUMM.PREORDER_REG_SUMM_DETAILS||IPHONE11_11PRO_11PROMAX||DAILY_REG||Fulfilled Nos||3||0||1||N|| || || ||Count(Distinct(Case_ID))||D_DISPLAY_STATUS||= 'F'||SERIES||is not null|| || || || || || ||ORIGINAL_SUBMIT_DATE||ANY||SERIES||PRODUCT_NATURE||ANY||D_CUST_NATURE||D_PROD_TYPE||ANY||ANY||ANY||ANY
IPHONE11_PRO_PROMAX_DAILY_REG_12||PRD_BIZ_SUMM.PREORDER_REG_SUMM_DETAILS||IPHONE11_11PRO_11PROMAX||DAILY_REG||Expired Nos||4||0||1||N|| || || ||Count(Distinct(Case_ID))||D_DISPLAY_STATUS||= 'O'||SERIES||is not null|| || || || || || ||ORIGINAL_SUBMIT_DATE||ANY||SERIES||PRODUCT_NATURE||ANY||D_CUST_NATURE||D_PROD_TYPE||ANY||ANY||ANY||ANY
IPHONE11_PRO_PROMAX_DAILY_REG_13||PRD_BIZ_SUMM.PREORDER_REG_SUMM_DETAILS||IPHONE11_11PRO_11PROMAX||DAILY_REG||Void Nos||5||0||1||N|| || || ||Count(Distinct(Case_ID))||D_DISPLAY_STATUS||= 'V'||SERIES||is not null|| || || || || || ||ORIGINAL_SUBMIT_DATE||ANY||SERIES||PRODUCT_NATURE||ANY||D_CUST_NATURE||D_PROD_TYPE||ANY||ANY||ANY||ANY
IPHONE11_PRO_PROMAX_DAILY_REG_14||PRD_BIZ_SUMM.PREORDER_REG_SUMM_DETAILS||IPHONE11_11PRO_11PROMAX||DAILY_REG||Fulfilled %||6||0||2||Y||IPHONE11_PRO_PROMAX_DAILY_REG_11||/||IPHONE11_PRO_PROMAX_DAILY_REG_09|| || || || || || || || || || || || || || || || || || || || || || 
IPHONE11_PRO_PROMAX_DAILY_REG_15||PRD_BIZ_SUMM.PREORDER_REG_SUMM_DETAILS||IPHONE11_11PRO_11PROMAX||DAILY_REG||Expired %||7||0||2||Y||IPHONE11_PRO_PROMAX_DAILY_REG_12||/||IPHONE11_PRO_PROMAX_DAILY_REG_09|| || || || || || || || || || || || || || || || || || || || || || 
IPHONE11_PRO_PROMAX_DAILY_REG_16||PRD_BIZ_SUMM.PREORDER_REG_SUMM_DETAILS||IPHONE11_11PRO_11PROMAX||DAILY_REG||Void %||8||0||2||Y||IPHONE11_PRO_PROMAX_DAILY_REG_13||/||IPHONE11_PRO_PROMAX_DAILY_REG_09|| || || || || || || || || || || || || || || || || || || || || || 
IPHONE11_PRO_PROMAX_MTHLY_REG_01||PRD_BIZ_SUMM.PREORDER_REG_SUMM_DETAILS||IPHONE11_11PRO_11PROMAX||MTHLY_REG||Preorder Nos||1||0||1||N|| || || ||Count(Distinct(Case_ID))||D_Valid||='VALID'||D_Series||is not null|| || || || || || ||Fist_of_Month(ORIGINAL_SUBMIT_DATE)||ANY||D_SERIES||D_PRODUCT_NATURE||D_COLOR||D_CUST_NATURE||D_PROD_TYPE||ANY||ANY||ANY||ANY
IPHONE11_PRO_PROMAX_MTHLY_REG_02||PRD_BIZ_SUMM.PREORDER_REG_SUMM_DETAILS||IPHONE11_11PRO_11PROMAX||MTHLY_REG||Allocated Nos||2||0||1||N|| || || ||Count(Distinct(Case_ID))||Status||in ('PF','PRF','F','O')||SERIES||is not null|| || || || || || ||Fist_of_Month(ORIGINAL_SUBMIT_DATE)||ANY||SERIES||PRODUCT_NATURE||COLOR||D_CUST_NATURE||D_PROD_TYPE||ANY||ANY||ANY||ANY
IPHONE11_PRO_PROMAX_MTHLY_REG_03||PRD_BIZ_SUMM.PREORDER_REG_SUMM_DETAILS||IPHONE11_11PRO_11PROMAX||MTHLY_REG||Fulfilled Nos||3||0||1||N|| || || ||Count(Distinct(Case_ID))||D_DISPLAY_STATUS||= 'F'||SERIES||is not null|| || || || || || ||Fist_of_Month(ORIGINAL_SUBMIT_DATE)||ANY||SERIES||PRODUCT_NATURE||COLOR||D_CUST_NATURE||D_PROD_TYPE||ANY||ANY||ANY||ANY
IPHONE11_PRO_PROMAX_MTHLY_REG_04||PRD_BIZ_SUMM.PREORDER_REG_SUMM_DETAILS||IPHONE11_11PRO_11PROMAX||MTHLY_REG||Expired Nos||4||0||1||N|| || || ||Count(Distinct(Case_ID))||D_DISPLAY_STATUS||= 'O'||SERIES||is not null|| || || || || || ||Fist_of_Month(ORIGINAL_SUBMIT_DATE)||ANY||SERIES||PRODUCT_NATURE||COLOR||D_CUST_NATURE||D_PROD_TYPE||ANY||ANY||ANY||ANY
IPHONE11_PRO_PROMAX_MTHLY_REG_05||PRD_BIZ_SUMM.PREORDER_REG_SUMM_DETAILS||IPHONE11_11PRO_11PROMAX||MTHLY_REG||Void Nos||5||0||1||N|| || || ||Count(Distinct(Case_ID))||D_DISPLAY_STATUS||= 'V'||SERIES||is not null|| || || || || || ||Fist_of_Month(ORIGINAL_SUBMIT_DATE)||ANY||SERIES||PRODUCT_NATURE||COLOR||D_CUST_NATURE||D_PROD_TYPE||ANY||ANY||ANY||ANY
IPHONE11_PRO_PROMAX_MTHLY_REG_06||PRD_BIZ_SUMM.PREORDER_REG_SUMM_DETAILS||IPHONE11_11PRO_11PROMAX||MTHLY_REG||Fulfilled %||6||0||2||Y||IPHONE11_PRO_PROMAX_MTHLY_REG_03||/||IPHONE11_PRO_PROMAX_MTHLY_REG_01|| || || || || || || || || || || || || || || || || || || || || || 
IPHONE11_PRO_PROMAX_MTHLY_REG_07||PRD_BIZ_SUMM.PREORDER_REG_SUMM_DETAILS||IPHONE11_11PRO_11PROMAX||MTHLY_REG||Expired %||7||0||2||Y||IPHONE11_PRO_PROMAX_MTHLY_REG_04||/||IPHONE11_PRO_PROMAX_MTHLY_REG_01|| || || || || || || || || || || || || || || || || || || || || || 
IPHONE11_PRO_PROMAX_MTHLY_REG_08||PRD_BIZ_SUMM.PREORDER_REG_SUMM_DETAILS||IPHONE11_11PRO_11PROMAX||MTHLY_REG||Void %||8||0||2||Y||IPHONE11_PRO_PROMAX_MTHLY_REG_05||/||IPHONE11_PRO_PROMAX_MTHLY_REG_01|| || || || || || || || || || || || || || || || || || || || || || 
IPHONE11_PRO_PROMAX_MTHLY_REG_09||PRD_BIZ_SUMM.PREORDER_REG_SUMM_DETAILS||IPHONE11_11PRO_11PROMAX||MTHLY_REG||Preorder Nos||1||0||1||N|| || || ||Count(Distinct(Case_ID))||D_Valid||='VALID'||D_Series||is not null|| || || || || || ||Fist_of_Month(ORIGINAL_SUBMIT_DATE)||ANY||D_SERIES||D_PRODUCT_NATURE||ANY||D_CUST_NATURE||D_PROD_TYPE||ANY||ANY||ANY||ANY
IPHONE11_PRO_PROMAX_MTHLY_REG_10||PRD_BIZ_SUMM.PREORDER_REG_SUMM_DETAILS||IPHONE11_11PRO_11PROMAX||MTHLY_REG||Allocated Nos||2||0||1||N|| || || ||Count(Distinct(Case_ID))||Status||in ('PF','PRF','F','O')||SERIES||is not null|| || || || || || ||Fist_of_Month(ORIGINAL_SUBMIT_DATE)||ANY||SERIES||PRODUCT_NATURE||ANY||D_CUST_NATURE||D_PROD_TYPE||ANY||ANY||ANY||ANY
IPHONE11_PRO_PROMAX_MTHLY_REG_11||PRD_BIZ_SUMM.PREORDER_REG_SUMM_DETAILS||IPHONE11_11PRO_11PROMAX||MTHLY_REG||Fulfilled Nos||3||0||1||N|| || || ||Count(Distinct(Case_ID))||D_DISPLAY_STATUS||= 'F'||SERIES||is not null|| || || || || || ||Fist_of_Month(ORIGINAL_SUBMIT_DATE)||ANY||SERIES||PRODUCT_NATURE||ANY||D_CUST_NATURE||D_PROD_TYPE||ANY||ANY||ANY||ANY
IPHONE11_PRO_PROMAX_MTHLY_REG_12||PRD_BIZ_SUMM.PREORDER_REG_SUMM_DETAILS||IPHONE11_11PRO_11PROMAX||MTHLY_REG||Expired Nos||4||0||1||N|| || || ||Count(Distinct(Case_ID))||D_DISPLAY_STATUS||= 'O'||SERIES||is not null|| || || || || || ||Fist_of_Month(ORIGINAL_SUBMIT_DATE)||ANY||SERIES||PRODUCT_NATURE||ANY||D_CUST_NATURE||D_PROD_TYPE||ANY||ANY||ANY||ANY
IPHONE11_PRO_PROMAX_MTHLY_REG_13||PRD_BIZ_SUMM.PREORDER_REG_SUMM_DETAILS||IPHONE11_11PRO_11PROMAX||MTHLY_REG||Void Nos||5||0||1||N|| || || ||Count(Distinct(Case_ID))||D_DISPLAY_STATUS||= 'V'||SERIES||is not null|| || || || || || ||Fist_of_Month(ORIGINAL_SUBMIT_DATE)||ANY||SERIES||PRODUCT_NATURE||ANY||D_CUST_NATURE||D_PROD_TYPE||ANY||ANY||ANY||ANY
IPHONE11_PRO_PROMAX_MTHLY_REG_14||PRD_BIZ_SUMM.PREORDER_REG_SUMM_DETAILS||IPHONE11_11PRO_11PROMAX||MTHLY_REG||Fulfilled %||6||0||2||Y||IPHONE11_PRO_PROMAX_MTHLY_REG_11||/||IPHONE11_PRO_PROMAX_MTHLY_REG_09|| || || || || || || || || || || || || || || || || || || || || || 
IPHONE11_PRO_PROMAX_MTHLY_REG_15||PRD_BIZ_SUMM.PREORDER_REG_SUMM_DETAILS||IPHONE11_11PRO_11PROMAX||MTHLY_REG||Expired %||7||0||2||Y||IPHONE11_PRO_PROMAX_MTHLY_REG_12||/||IPHONE11_PRO_PROMAX_MTHLY_REG_09|| || || || || || || || || || || || || || || || || || || || || || 
IPHONE11_PRO_PROMAX_MTHLY_REG_16||PRD_BIZ_SUMM.PREORDER_REG_SUMM_DETAILS||IPHONE11_11PRO_11PROMAX||MTHLY_REG||Void %||8||0||2||Y||IPHONE11_PRO_PROMAX_MTHLY_REG_13||/||IPHONE11_PRO_PROMAX_MTHLY_REG_09|| || || || || || || || || || || || || || || || || || || || || || 
IPHONE11_PRO_PROMAX_GRANT_REG_01||PRD_BIZ_SUMM.PREORDER_REG_SUMM_DETAILS||IPHONE11_11PRO_11PROMAX||GRANT_REG||Preorder Nos||1||0||1||N|| || || ||Count(Distinct(Case_ID))||D_Valid||='VALID'||D_Series||is not null|| || || || || || ||'1900-01-01'||ANY||D_SERIES||D_PRODUCT_NATURE||D_COLOR||D_CUST_NATURE||D_PROD_TYPE||ANY||ANY||ANY||ANY
IPHONE11_PRO_PROMAX_GRANT_REG_02||PRD_BIZ_SUMM.PREORDER_REG_SUMM_DETAILS||IPHONE11_11PRO_11PROMAX||GRANT_REG||Allocated Nos||2||0||1||N|| || || ||Count(Distinct(Case_ID))||Status||in ('PF','PRF','F','O')||SERIES||is not null|| || || || || || ||'1900-01-01'||ANY||SERIES||PRODUCT_NATURE||COLOR||D_CUST_NATURE||D_PROD_TYPE||ANY||ANY||ANY||ANY
IPHONE11_PRO_PROMAX_GRANT_REG_03||PRD_BIZ_SUMM.PREORDER_REG_SUMM_DETAILS||IPHONE11_11PRO_11PROMAX||GRANT_REG||Fulfilled Nos||3||0||1||N|| || || ||Count(Distinct(Case_ID))||D_DISPLAY_STATUS||= 'F'||SERIES||is not null|| || || || || || ||'1900-01-01'||ANY||SERIES||PRODUCT_NATURE||COLOR||D_CUST_NATURE||D_PROD_TYPE||ANY||ANY||ANY||ANY
IPHONE11_PRO_PROMAX_GRANT_REG_04||PRD_BIZ_SUMM.PREORDER_REG_SUMM_DETAILS||IPHONE11_11PRO_11PROMAX||GRANT_REG||Expired Nos||4||0||1||N|| || || ||Count(Distinct(Case_ID))||D_DISPLAY_STATUS||= 'O'||SERIES||is not null|| || || || || || ||'1900-01-01'||ANY||SERIES||PRODUCT_NATURE||COLOR||D_CUST_NATURE||D_PROD_TYPE||ANY||ANY||ANY||ANY
IPHONE11_PRO_PROMAX_GRANT_REG_05||PRD_BIZ_SUMM.PREORDER_REG_SUMM_DETAILS||IPHONE11_11PRO_11PROMAX||GRANT_REG||Void Nos||5||0||1||N|| || || ||Count(Distinct(Case_ID))||D_DISPLAY_STATUS||= 'V'||SERIES||is not null|| || || || || || ||'1900-01-01'||ANY||SERIES||PRODUCT_NATURE||COLOR||D_CUST_NATURE||D_PROD_TYPE||ANY||ANY||ANY||ANY
IPHONE11_PRO_PROMAX_GRANT_REG_06||PRD_BIZ_SUMM.PREORDER_REG_SUMM_DETAILS||IPHONE11_11PRO_11PROMAX||GRANT_REG||Fulfilled %||6||0||2||Y||IPHONE11_PRO_PROMAX_GRANT_REG_03||/||IPHONE11_PRO_PROMAX_GRANT_REG_01|| || || || || || || || || || || || || || || || || || || || || || 
IPHONE11_PRO_PROMAX_GRANT_REG_07||PRD_BIZ_SUMM.PREORDER_REG_SUMM_DETAILS||IPHONE11_11PRO_11PROMAX||GRANT_REG||Expired %||7||0||2||Y||IPHONE11_PRO_PROMAX_GRANT_REG_04||/||IPHONE11_PRO_PROMAX_GRANT_REG_01|| || || || || || || || || || || || || || || || || || || || || || 
IPHONE11_PRO_PROMAX_GRANT_REG_08||PRD_BIZ_SUMM.PREORDER_REG_SUMM_DETAILS||IPHONE11_11PRO_11PROMAX||GRANT_REG||Void %||8||0||2||Y||IPHONE11_PRO_PROMAX_GRANT_REG_05||/||IPHONE11_PRO_PROMAX_GRANT_REG_01|| || || || || || || || || || || || || || || || || || || || || || 
IPHONE11_PRO_PROMAX_GRANT_REG_09||PRD_BIZ_SUMM.PREORDER_REG_SUMM_DETAILS||IPHONE11_11PRO_11PROMAX||GRANT_REG||Preorder Nos||1||0||1||N|| || || ||Count(Distinct(Case_ID))||D_Valid||='VALID'||D_Series||is not null|| || || || || || ||'1900-01-01'||ANY||D_SERIES||D_PRODUCT_NATURE||ANY||D_CUST_NATURE||D_PROD_TYPE||ANY||ANY||ANY||ANY
IPHONE11_PRO_PROMAX_GRANT_REG_10||PRD_BIZ_SUMM.PREORDER_REG_SUMM_DETAILS||IPHONE11_11PRO_11PROMAX||GRANT_REG||Allocated Nos||2||0||1||N|| || || ||Count(Distinct(Case_ID))||Status||in ('PF','PRF','F','O')||SERIES||is not null|| || || || || || ||'1900-01-01'||ANY||SERIES||PRODUCT_NATURE||ANY||D_CUST_NATURE||D_PROD_TYPE||ANY||ANY||ANY||ANY
IPHONE11_PRO_PROMAX_GRANT_REG_11||PRD_BIZ_SUMM.PREORDER_REG_SUMM_DETAILS||IPHONE11_11PRO_11PROMAX||GRANT_REG||Fulfilled Nos||3||0||1||N|| || || ||Count(Distinct(Case_ID))||D_DISPLAY_STATUS||= 'F'||SERIES||is not null|| || || || || || ||'1900-01-01'||ANY||SERIES||PRODUCT_NATURE||ANY||D_CUST_NATURE||D_PROD_TYPE||ANY||ANY||ANY||ANY
IPHONE11_PRO_PROMAX_GRANT_REG_12||PRD_BIZ_SUMM.PREORDER_REG_SUMM_DETAILS||IPHONE11_11PRO_11PROMAX||GRANT_REG||Expired Nos||4||0||1||N|| || || ||Count(Distinct(Case_ID))||D_DISPLAY_STATUS||= 'O'||SERIES||is not null|| || || || || || ||'1900-01-01'||ANY||SERIES||PRODUCT_NATURE||ANY||D_CUST_NATURE||D_PROD_TYPE||ANY||ANY||ANY||ANY
IPHONE11_PRO_PROMAX_GRANT_REG_13||PRD_BIZ_SUMM.PREORDER_REG_SUMM_DETAILS||IPHONE11_11PRO_11PROMAX||GRANT_REG||Void Nos||5||0||1||N|| || || ||Count(Distinct(Case_ID))||D_DISPLAY_STATUS||= 'V'||SERIES||is not null|| || || || || || ||'1900-01-01'||ANY||SERIES||PRODUCT_NATURE||ANY||D_CUST_NATURE||D_PROD_TYPE||ANY||ANY||ANY||ANY
IPHONE11_PRO_PROMAX_GRANT_REG_14||PRD_BIZ_SUMM.PREORDER_REG_SUMM_DETAILS||IPHONE11_11PRO_11PROMAX||GRANT_REG||Fulfilled %||6||0||2||Y||IPHONE11_PRO_PROMAX_GRANT_REG_11||/||IPHONE11_PRO_PROMAX_GRANT_REG_09|| || || || || || || || || || || || || || || || || || || || || || 
IPHONE11_PRO_PROMAX_GRANT_REG_15||PRD_BIZ_SUMM.PREORDER_REG_SUMM_DETAILS||IPHONE11_11PRO_11PROMAX||GRANT_REG||Expired %||7||0||2||Y||IPHONE11_PRO_PROMAX_GRANT_REG_12||/||IPHONE11_PRO_PROMAX_GRANT_REG_09|| || || || || || || || || || || || || || || || || || || || || || 
IPHONE11_PRO_PROMAX_GRANT_REG_16||PRD_BIZ_SUMM.PREORDER_REG_SUMM_DETAILS||IPHONE11_11PRO_11PROMAX||GRANT_REG||Void %||8||0||2||Y||IPHONE11_PRO_PROMAX_GRANT_REG_13||/||IPHONE11_PRO_PROMAX_GRANT_REG_09|| || || || || || || || || || || || || || || || || || || || || || 
IPHONE11_PRO_PROMAX_DAILY_HSO_01||PRD_BIZ_SUMM.PREORDER_REG_SUMM_DETAILS||IPHONE11_11PRO_11PROMAX||DAILY_HSO||Preorder Nos||1||0||1||N|| || || ||Count(Distinct(Case_ID))||D_Valid||='VALID'||D_Series||is not null|| || || || || || ||ORIGINAL_SUBMIT_DATE||ANY||D_SERIES||D_PRODUCT_NATURE||D_COLOR||D_CUST_NATURE||D_PROD_TYPE||D_HSO_DESC||ANY||ANY||ANY
IPHONE11_PRO_PROMAX_DAILY_HSO_02||PRD_BIZ_SUMM.PREORDER_REG_SUMM_DETAILS||IPHONE11_11PRO_11PROMAX||DAILY_HSO||Allocated Nos||2||0||1||N|| || || ||Count(Distinct(Case_ID))||Status||in ('PF','PRF','F','O')||SERIES||is not null|| || || || || || ||ORIGINAL_SUBMIT_DATE||ANY||SERIES||PRODUCT_NATURE||COLOR||D_CUST_NATURE||D_PROD_TYPE||D_HSO_DESC||ANY||ANY||ANY
IPHONE11_PRO_PROMAX_DAILY_HSO_03||PRD_BIZ_SUMM.PREORDER_REG_SUMM_DETAILS||IPHONE11_11PRO_11PROMAX||DAILY_HSO||Fulfilled Nos||3||0||1||N|| || || ||Count(Distinct(Case_ID))||D_DISPLAY_STATUS||= 'F'||SERIES||is not null|| || || || || || ||ORIGINAL_SUBMIT_DATE||ANY||SERIES||PRODUCT_NATURE||COLOR||D_CUST_NATURE||D_PROD_TYPE||D_HSO_DESC||ANY||ANY||ANY
IPHONE11_PRO_PROMAX_DAILY_HSO_04||PRD_BIZ_SUMM.PREORDER_REG_SUMM_DETAILS||IPHONE11_11PRO_11PROMAX||DAILY_HSO||Expired Nos||4||0||1||N|| || || ||Count(Distinct(Case_ID))||D_DISPLAY_STATUS||= 'O'||SERIES||is not null|| || || || || || ||ORIGINAL_SUBMIT_DATE||ANY||SERIES||PRODUCT_NATURE||COLOR||D_CUST_NATURE||D_PROD_TYPE||D_HSO_DESC||ANY||ANY||ANY
IPHONE11_PRO_PROMAX_DAILY_HSO_05||PRD_BIZ_SUMM.PREORDER_REG_SUMM_DETAILS||IPHONE11_11PRO_11PROMAX||DAILY_HSO||Void Nos||5||0||1||N|| || || ||Count(Distinct(Case_ID))||D_DISPLAY_STATUS||= 'V'||SERIES||is not null|| || || || || || ||ORIGINAL_SUBMIT_DATE||ANY||SERIES||PRODUCT_NATURE||COLOR||D_CUST_NATURE||D_PROD_TYPE||D_HSO_DESC||ANY||ANY||ANY
IPHONE11_PRO_PROMAX_DAILY_HSO_06||PRD_BIZ_SUMM.PREORDER_REG_SUMM_DETAILS||IPHONE11_11PRO_11PROMAX||DAILY_HSO||Fulfilled %||6||0||2||Y||IPHONE11_PRO_PROMAX_DAILY_HSO_03||/||IPHONE11_PRO_PROMAX_DAILY_HSO_01|| || || || || || || || || || || || || || || || || || || || || || 
IPHONE11_PRO_PROMAX_DAILY_HSO_07||PRD_BIZ_SUMM.PREORDER_REG_SUMM_DETAILS||IPHONE11_11PRO_11PROMAX||DAILY_HSO||Expired %||7||0||2||Y||IPHONE11_PRO_PROMAX_DAILY_HSO_04||/||IPHONE11_PRO_PROMAX_DAILY_HSO_01|| || || || || || || || || || || || || || || || || || || || || || 
IPHONE11_PRO_PROMAX_DAILY_HSO_08||PRD_BIZ_SUMM.PREORDER_REG_SUMM_DETAILS||IPHONE11_11PRO_11PROMAX||DAILY_HSO||Void %||8||0||2||Y||IPHONE11_PRO_PROMAX_DAILY_HSO_05||/||IPHONE11_PRO_PROMAX_DAILY_HSO_01|| || || || || || || || || || || || || || || || || || || || || || 
IPHONE11_PRO_PROMAX_DAILY_HSO_09||PRD_BIZ_SUMM.PREORDER_REG_SUMM_DETAILS||IPHONE11_11PRO_11PROMAX||DAILY_HSO||Preorder Nos||1||0||1||N|| || || ||Count(Distinct(Case_ID))||D_Valid||='VALID'||D_Series||is not null|| || || || || || ||ORIGINAL_SUBMIT_DATE||ANY||D_SERIES||D_PRODUCT_NATURE||ANY||D_CUST_NATURE||D_PROD_TYPE||D_HSO_DESC||ANY||ANY||ANY
IPHONE11_PRO_PROMAX_DAILY_HSO_10||PRD_BIZ_SUMM.PREORDER_REG_SUMM_DETAILS||IPHONE11_11PRO_11PROMAX||DAILY_HSO||Allocated Nos||2||0||1||N|| || || ||Count(Distinct(Case_ID))||Status||in ('PF','PRF','F','O')||SERIES||is not null|| || || || || || ||ORIGINAL_SUBMIT_DATE||ANY||SERIES||PRODUCT_NATURE||ANY||D_CUST_NATURE||D_PROD_TYPE||D_HSO_DESC||ANY||ANY||ANY
IPHONE11_PRO_PROMAX_DAILY_HSO_11||PRD_BIZ_SUMM.PREORDER_REG_SUMM_DETAILS||IPHONE11_11PRO_11PROMAX||DAILY_HSO||Fulfilled Nos||3||0||1||N|| || || ||Count(Distinct(Case_ID))||D_DISPLAY_STATUS||= 'F'||SERIES||is not null|| || || || || || ||ORIGINAL_SUBMIT_DATE||ANY||SERIES||PRODUCT_NATURE||ANY||D_CUST_NATURE||D_PROD_TYPE||D_HSO_DESC||ANY||ANY||ANY
IPHONE11_PRO_PROMAX_DAILY_HSO_12||PRD_BIZ_SUMM.PREORDER_REG_SUMM_DETAILS||IPHONE11_11PRO_11PROMAX||DAILY_HSO||Expired Nos||4||0||1||N|| || || ||Count(Distinct(Case_ID))||D_DISPLAY_STATUS||= 'O'||SERIES||is not null|| || || || || || ||ORIGINAL_SUBMIT_DATE||ANY||SERIES||PRODUCT_NATURE||ANY||D_CUST_NATURE||D_PROD_TYPE||D_HSO_DESC||ANY||ANY||ANY
IPHONE11_PRO_PROMAX_DAILY_HSO_13||PRD_BIZ_SUMM.PREORDER_REG_SUMM_DETAILS||IPHONE11_11PRO_11PROMAX||DAILY_HSO||Void Nos||5||0||1||N|| || || ||Count(Distinct(Case_ID))||D_DISPLAY_STATUS||= 'V'||SERIES||is not null|| || || || || || ||ORIGINAL_SUBMIT_DATE||ANY||SERIES||PRODUCT_NATURE||ANY||D_CUST_NATURE||D_PROD_TYPE||D_HSO_DESC||ANY||ANY||ANY
IPHONE11_PRO_PROMAX_DAILY_HSO_14||PRD_BIZ_SUMM.PREORDER_REG_SUMM_DETAILS||IPHONE11_11PRO_11PROMAX||DAILY_HSO||Fulfilled %||6||0||2||Y||IPHONE11_PRO_PROMAX_DAILY_HSO_11||/||IPHONE11_PRO_PROMAX_DAILY_HSO_09|| || || || || || || || || || || || || || || || || || || || || || 
IPHONE11_PRO_PROMAX_DAILY_HSO_15||PRD_BIZ_SUMM.PREORDER_REG_SUMM_DETAILS||IPHONE11_11PRO_11PROMAX||DAILY_HSO||Expired %||7||0||2||Y||IPHONE11_PRO_PROMAX_DAILY_HSO_12||/||IPHONE11_PRO_PROMAX_DAILY_HSO_09|| || || || || || || || || || || || || || || || || || || || || || 
IPHONE11_PRO_PROMAX_DAILY_HSO_16||PRD_BIZ_SUMM.PREORDER_REG_SUMM_DETAILS||IPHONE11_11PRO_11PROMAX||DAILY_HSO||Void %||8||0||2||Y||IPHONE11_PRO_PROMAX_DAILY_HSO_13||/||IPHONE11_PRO_PROMAX_DAILY_HSO_09|| || || || || || || || || || || || || || || || || || || || || || 
IPHONE11_PRO_PROMAX_MTHLY_HSO_01||PRD_BIZ_SUMM.PREORDER_REG_SUMM_DETAILS||IPHONE11_11PRO_11PROMAX||MTHLY_HSO||Preorder Nos||1||0||1||N|| || || ||Count(Distinct(Case_ID))||D_Valid||='VALID'||D_Series||is not null|| || || || || || ||Fist_of_Month(ORIGINAL_SUBMIT_DATE)||ANY||D_SERIES||D_PRODUCT_NATURE||D_COLOR||D_CUST_NATURE||D_PROD_TYPE||D_HSO_DESC||ANY||ANY||ANY
IPHONE11_PRO_PROMAX_MTHLY_HSO_02||PRD_BIZ_SUMM.PREORDER_REG_SUMM_DETAILS||IPHONE11_11PRO_11PROMAX||MTHLY_HSO||Allocated Nos||2||0||1||N|| || || ||Count(Distinct(Case_ID))||Status||in ('PF','PRF','F','O')||SERIES||is not null|| || || || || || ||Fist_of_Month(ORIGINAL_SUBMIT_DATE)||ANY||SERIES||PRODUCT_NATURE||COLOR||D_CUST_NATURE||D_PROD_TYPE||D_HSO_DESC||ANY||ANY||ANY
IPHONE11_PRO_PROMAX_MTHLY_HSO_03||PRD_BIZ_SUMM.PREORDER_REG_SUMM_DETAILS||IPHONE11_11PRO_11PROMAX||MTHLY_HSO||Fulfilled Nos||3||0||1||N|| || || ||Count(Distinct(Case_ID))||D_DISPLAY_STATUS||= 'F'||SERIES||is not null|| || || || || || ||Fist_of_Month(ORIGINAL_SUBMIT_DATE)||ANY||SERIES||PRODUCT_NATURE||COLOR||D_CUST_NATURE||D_PROD_TYPE||D_HSO_DESC||ANY||ANY||ANY
IPHONE11_PRO_PROMAX_MTHLY_HSO_04||PRD_BIZ_SUMM.PREORDER_REG_SUMM_DETAILS||IPHONE11_11PRO_11PROMAX||MTHLY_HSO||Expired Nos||4||0||1||N|| || || ||Count(Distinct(Case_ID))||D_DISPLAY_STATUS||= 'O'||SERIES||is not null|| || || || || || ||Fist_of_Month(ORIGINAL_SUBMIT_DATE)||ANY||SERIES||PRODUCT_NATURE||COLOR||D_CUST_NATURE||D_PROD_TYPE||D_HSO_DESC||ANY||ANY||ANY
IPHONE11_PRO_PROMAX_MTHLY_HSO_05||PRD_BIZ_SUMM.PREORDER_REG_SUMM_DETAILS||IPHONE11_11PRO_11PROMAX||MTHLY_HSO||Void Nos||5||0||1||N|| || || ||Count(Distinct(Case_ID))||D_DISPLAY_STATUS||= 'V'||SERIES||is not null|| || || || || || ||Fist_of_Month(ORIGINAL_SUBMIT_DATE)||ANY||SERIES||PRODUCT_NATURE||COLOR||D_CUST_NATURE||D_PROD_TYPE||D_HSO_DESC||ANY||ANY||ANY
IPHONE11_PRO_PROMAX_MTHLY_HSO_06||PRD_BIZ_SUMM.PREORDER_REG_SUMM_DETAILS||IPHONE11_11PRO_11PROMAX||MTHLY_HSO||Fulfilled %||6||0||2||Y||IPHONE11_PRO_PROMAX_MTHLY_HSO_03||/||IPHONE11_PRO_PROMAX_MTHLY_HSO_01|| || || || || || || || || || || || || || || || || || || || || || 
IPHONE11_PRO_PROMAX_MTHLY_HSO_07||PRD_BIZ_SUMM.PREORDER_REG_SUMM_DETAILS||IPHONE11_11PRO_11PROMAX||MTHLY_HSO||Expired %||7||0||2||Y||IPHONE11_PRO_PROMAX_MTHLY_HSO_04||/||IPHONE11_PRO_PROMAX_MTHLY_HSO_01|| || || || || || || || || || || || || || || || || || || || || || 
IPHONE11_PRO_PROMAX_MTHLY_HSO_08||PRD_BIZ_SUMM.PREORDER_REG_SUMM_DETAILS||IPHONE11_11PRO_11PROMAX||MTHLY_HSO||Void %||8||0||2||Y||IPHONE11_PRO_PROMAX_MTHLY_HSO_05||/||IPHONE11_PRO_PROMAX_MTHLY_HSO_01|| || || || || || || || || || || || || || || || || || || || || || 
IPHONE11_PRO_PROMAX_MTHLY_HSO_09||PRD_BIZ_SUMM.PREORDER_REG_SUMM_DETAILS||IPHONE11_11PRO_11PROMAX||MTHLY_HSO||Preorder Nos||1||0||1||N|| || || ||Count(Distinct(Case_ID))||D_Valid||='VALID'||D_Series||is not null|| || || || || || ||Fist_of_Month(ORIGINAL_SUBMIT_DATE)||ANY||D_SERIES||D_PRODUCT_NATURE||ANY||D_CUST_NATURE||D_PROD_TYPE||D_HSO_DESC||ANY||ANY||ANY
IPHONE11_PRO_PROMAX_MTHLY_HSO_10||PRD_BIZ_SUMM.PREORDER_REG_SUMM_DETAILS||IPHONE11_11PRO_11PROMAX||MTHLY_HSO||Allocated Nos||2||0||1||N|| || || ||Count(Distinct(Case_ID))||Status||in ('PF','PRF','F','O')||SERIES||is not null|| || || || || || ||Fist_of_Month(ORIGINAL_SUBMIT_DATE)||ANY||SERIES||PRODUCT_NATURE||ANY||D_CUST_NATURE||D_PROD_TYPE||D_HSO_DESC||ANY||ANY||ANY
IPHONE11_PRO_PROMAX_MTHLY_HSO_11||PRD_BIZ_SUMM.PREORDER_REG_SUMM_DETAILS||IPHONE11_11PRO_11PROMAX||MTHLY_HSO||Fulfilled Nos||3||0||1||N|| || || ||Count(Distinct(Case_ID))||D_DISPLAY_STATUS||= 'F'||SERIES||is not null|| || || || || || ||Fist_of_Month(ORIGINAL_SUBMIT_DATE)||ANY||SERIES||PRODUCT_NATURE||ANY||D_CUST_NATURE||D_PROD_TYPE||D_HSO_DESC||ANY||ANY||ANY
IPHONE11_PRO_PROMAX_MTHLY_HSO_12||PRD_BIZ_SUMM.PREORDER_REG_SUMM_DETAILS||IPHONE11_11PRO_11PROMAX||MTHLY_HSO||Expired Nos||4||0||1||N|| || || ||Count(Distinct(Case_ID))||D_DISPLAY_STATUS||= 'O'||SERIES||is not null|| || || || || || ||Fist_of_Month(ORIGINAL_SUBMIT_DATE)||ANY||SERIES||PRODUCT_NATURE||ANY||D_CUST_NATURE||D_PROD_TYPE||D_HSO_DESC||ANY||ANY||ANY
IPHONE11_PRO_PROMAX_MTHLY_HSO_13||PRD_BIZ_SUMM.PREORDER_REG_SUMM_DETAILS||IPHONE11_11PRO_11PROMAX||MTHLY_HSO||Void Nos||5||0||1||N|| || || ||Count(Distinct(Case_ID))||D_DISPLAY_STATUS||= 'V'||SERIES||is not null|| || || || || || ||Fist_of_Month(ORIGINAL_SUBMIT_DATE)||ANY||SERIES||PRODUCT_NATURE||ANY||D_CUST_NATURE||D_PROD_TYPE||D_HSO_DESC||ANY||ANY||ANY
IPHONE11_PRO_PROMAX_MTHLY_HSO_14||PRD_BIZ_SUMM.PREORDER_REG_SUMM_DETAILS||IPHONE11_11PRO_11PROMAX||MTHLY_HSO||Fulfilled %||6||0||2||Y||IPHONE11_PRO_PROMAX_MTHLY_HSO_11||/||IPHONE11_PRO_PROMAX_MTHLY_HSO_09|| || || || || || || || || || || || || || || || || || || || || || 
IPHONE11_PRO_PROMAX_MTHLY_HSO_15||PRD_BIZ_SUMM.PREORDER_REG_SUMM_DETAILS||IPHONE11_11PRO_11PROMAX||MTHLY_HSO||Expired %||7||0||2||Y||IPHONE11_PRO_PROMAX_MTHLY_HSO_12||/||IPHONE11_PRO_PROMAX_MTHLY_HSO_09|| || || || || || || || || || || || || || || || || || || || || || 
IPHONE11_PRO_PROMAX_MTHLY_HSO_16||PRD_BIZ_SUMM.PREORDER_REG_SUMM_DETAILS||IPHONE11_11PRO_11PROMAX||MTHLY_HSO||Void %||8||0||2||Y||IPHONE11_PRO_PROMAX_MTHLY_HSO_13||/||IPHONE11_PRO_PROMAX_MTHLY_HSO_09|| || || || || || || || || || || || || || || || || || || || || || 
IPHONE11_PRO_PROMAX_GRANT_HSO_01||PRD_BIZ_SUMM.PREORDER_REG_SUMM_DETAILS||IPHONE11_11PRO_11PROMAX||GRANT_HSO||Preorder Nos||1||0||1||N|| || || ||Count(Distinct(Case_ID))||D_Valid||='VALID'||D_Series||is not null|| || || || || || ||'1900-01-01'||ANY||D_SERIES||D_PRODUCT_NATURE||D_COLOR||D_CUST_NATURE||D_PROD_TYPE||D_HSO_DESC||ANY||ANY||ANY
IPHONE11_PRO_PROMAX_GRANT_HSO_02||PRD_BIZ_SUMM.PREORDER_REG_SUMM_DETAILS||IPHONE11_11PRO_11PROMAX||GRANT_HSO||Allocated Nos||2||0||1||N|| || || ||Count(Distinct(Case_ID))||Status||in ('PF','PRF','F','O')||SERIES||is not null|| || || || || || ||'1900-01-01'||ANY||SERIES||PRODUCT_NATURE||COLOR||D_CUST_NATURE||D_PROD_TYPE||D_HSO_DESC||ANY||ANY||ANY
IPHONE11_PRO_PROMAX_GRANT_HSO_03||PRD_BIZ_SUMM.PREORDER_REG_SUMM_DETAILS||IPHONE11_11PRO_11PROMAX||GRANT_HSO||Fulfilled Nos||3||0||1||N|| || || ||Count(Distinct(Case_ID))||D_DISPLAY_STATUS||= 'F'||SERIES||is not null|| || || || || || ||'1900-01-01'||ANY||SERIES||PRODUCT_NATURE||COLOR||D_CUST_NATURE||D_PROD_TYPE||D_HSO_DESC||ANY||ANY||ANY
IPHONE11_PRO_PROMAX_GRANT_HSO_04||PRD_BIZ_SUMM.PREORDER_REG_SUMM_DETAILS||IPHONE11_11PRO_11PROMAX||GRANT_HSO||Expired Nos||4||0||1||N|| || || ||Count(Distinct(Case_ID))||D_DISPLAY_STATUS||= 'O'||SERIES||is not null|| || || || || || ||'1900-01-01'||ANY||SERIES||PRODUCT_NATURE||COLOR||D_CUST_NATURE||D_PROD_TYPE||D_HSO_DESC||ANY||ANY||ANY
IPHONE11_PRO_PROMAX_GRANT_HSO_05||PRD_BIZ_SUMM.PREORDER_REG_SUMM_DETAILS||IPHONE11_11PRO_11PROMAX||GRANT_HSO||Void Nos||5||0||1||N|| || || ||Count(Distinct(Case_ID))||D_DISPLAY_STATUS||= 'V'||SERIES||is not null|| || || || || || ||'1900-01-01'||ANY||SERIES||PRODUCT_NATURE||COLOR||D_CUST_NATURE||D_PROD_TYPE||D_HSO_DESC||ANY||ANY||ANY
IPHONE11_PRO_PROMAX_GRANT_HSO_06||PRD_BIZ_SUMM.PREORDER_REG_SUMM_DETAILS||IPHONE11_11PRO_11PROMAX||GRANT_HSO||Fulfilled %||6||0||2||Y||IPHONE11_PRO_PROMAX_GRANT_HSO_03||/||IPHONE11_PRO_PROMAX_GRANT_HSO_01|| || || || || || || || || || || || || || || || || || || || || || 
IPHONE11_PRO_PROMAX_GRANT_HSO_07||PRD_BIZ_SUMM.PREORDER_REG_SUMM_DETAILS||IPHONE11_11PRO_11PROMAX||GRANT_HSO||Expired %||7||0||2||Y||IPHONE11_PRO_PROMAX_GRANT_HSO_04||/||IPHONE11_PRO_PROMAX_GRANT_HSO_01|| || || || || || || || || || || || || || || || || || || || || || 
IPHONE11_PRO_PROMAX_GRANT_HSO_08||PRD_BIZ_SUMM.PREORDER_REG_SUMM_DETAILS||IPHONE11_11PRO_11PROMAX||GRANT_HSO||Void %||8||0||2||Y||IPHONE11_PRO_PROMAX_GRANT_HSO_05||/||IPHONE11_PRO_PROMAX_GRANT_HSO_01|| || || || || || || || || || || || || || || || || || || || || || 
IPHONE11_PRO_PROMAX_GRANT_HSO_09||PRD_BIZ_SUMM.PREORDER_REG_SUMM_DETAILS||IPHONE11_11PRO_11PROMAX||GRANT_HSO||Preorder Nos||1||0||1||N|| || || ||Count(Distinct(Case_ID))||D_Valid||='VALID'||D_Series||is not null|| || || || || || ||'1900-01-01'||ANY||D_SERIES||D_PRODUCT_NATURE||ANY||D_CUST_NATURE||D_PROD_TYPE||D_HSO_DESC||ANY||ANY||ANY
IPHONE11_PRO_PROMAX_GRANT_HSO_10||PRD_BIZ_SUMM.PREORDER_REG_SUMM_DETAILS||IPHONE11_11PRO_11PROMAX||GRANT_HSO||Allocated Nos||2||0||1||N|| || || ||Count(Distinct(Case_ID))||Status||in ('PF','PRF','F','O')||SERIES||is not null|| || || || || || ||'1900-01-01'||ANY||SERIES||PRODUCT_NATURE||ANY||D_CUST_NATURE||D_PROD_TYPE||D_HSO_DESC||ANY||ANY||ANY
IPHONE11_PRO_PROMAX_GRANT_HSO_11||PRD_BIZ_SUMM.PREORDER_REG_SUMM_DETAILS||IPHONE11_11PRO_11PROMAX||GRANT_HSO||Fulfilled Nos||3||0||1||N|| || || ||Count(Distinct(Case_ID))||D_DISPLAY_STATUS||= 'F'||SERIES||is not null|| || || || || || ||'1900-01-01'||ANY||SERIES||PRODUCT_NATURE||ANY||D_CUST_NATURE||D_PROD_TYPE||D_HSO_DESC||ANY||ANY||ANY
IPHONE11_PRO_PROMAX_GRANT_HSO_12||PRD_BIZ_SUMM.PREORDER_REG_SUMM_DETAILS||IPHONE11_11PRO_11PROMAX||GRANT_HSO||Expired Nos||4||0||1||N|| || || ||Count(Distinct(Case_ID))||D_DISPLAY_STATUS||= 'O'||SERIES||is not null|| || || || || || ||'1900-01-01'||ANY||SERIES||PRODUCT_NATURE||ANY||D_CUST_NATURE||D_PROD_TYPE||D_HSO_DESC||ANY||ANY||ANY
IPHONE11_PRO_PROMAX_GRANT_HSO_13||PRD_BIZ_SUMM.PREORDER_REG_SUMM_DETAILS||IPHONE11_11PRO_11PROMAX||GRANT_HSO||Void Nos||5||0||1||N|| || || ||Count(Distinct(Case_ID))||D_DISPLAY_STATUS||= 'V'||SERIES||is not null|| || || || || || ||'1900-01-01'||ANY||SERIES||PRODUCT_NATURE||ANY||D_CUST_NATURE||D_PROD_TYPE||D_HSO_DESC||ANY||ANY||ANY
IPHONE11_PRO_PROMAX_GRANT_HSO_14||PRD_BIZ_SUMM.PREORDER_REG_SUMM_DETAILS||IPHONE11_11PRO_11PROMAX||GRANT_HSO||Fulfilled %||6||0||2||Y||IPHONE11_PRO_PROMAX_GRANT_HSO_11||/||IPHONE11_PRO_PROMAX_GRANT_HSO_09|| || || || || || || || || || || || || || || || || || || || || || 
IPHONE11_PRO_PROMAX_GRANT_HSO_15||PRD_BIZ_SUMM.PREORDER_REG_SUMM_DETAILS||IPHONE11_11PRO_11PROMAX||GRANT_HSO||Expired %||7||0||2||Y||IPHONE11_PRO_PROMAX_GRANT_HSO_12||/||IPHONE11_PRO_PROMAX_GRANT_HSO_09|| || || || || || || || || || || || || || || || || || || || || || 
IPHONE11_PRO_PROMAX_GRANT_HSO_16||PRD_BIZ_SUMM.PREORDER_REG_SUMM_DETAILS||IPHONE11_11PRO_11PROMAX||GRANT_HSO||Void %||8||0||2||Y||IPHONE11_PRO_PROMAX_GRANT_HSO_13||/||IPHONE11_PRO_PROMAX_GRANT_HSO_09|| || || || || || || || || || || || || || || || || || || || || || 
