KEY_TBL||KEY_COL||PROD_GROUP||PROD_CD||Assign_Order||Cond1_Col||Cond1_Value||Cond2_Col||Cond2_Value||Cond3_Col||Cond3_Value||Cond4_Col||Cond4_Value||Cond5_Col||Cond5_Value||Cond6_Col||Cond6_Value||Assign_Val||Else_Val||DisplayOrder||Eff_Start_Date||Eff_End_Date
PRD_BIZ_SUMM.PREORDER_REG_SUMM_DETAILS||D_PROD_CD||IPHONE11_11PRO_11PROMAX||ANY||1||ANY_COLOUR_IND||='Y'|| || || || || || || || || || ||PRD_BIZ_SUMM_VW.VW_PREORDER_REG_DETAILS.ORIGINAL_PRODUCT||PRD_BIZ_SUMM_VW.VW_PREORDER_REG_DETAILS.PROD_CD||1||9/12/2018||12/31/2999
PRD_BIZ_SUMM.PREORDER_REG_SUMM_DETAILS||D_VALID||IPHONE11_11PRO_11PROMAX||ANY||1||STATUS||NOT IN ('VP','VR','VS')|| || || || || || || || || || ||'VALID'||'INVALID'||1||9/12/2018||12/31/2999
PRD_BIZ_SUMM.PREORDER_REG_SUMM_DETAILS||D_DISPLAY_STATUS||IPHONE11_11PRO_11PROMAX||ANY||1||POS_INV_NUM||is NOT NULL|| || || || || || || || || || ||'A'|| ||1||9/12/2018||12/31/2999
PRD_BIZ_SUMM.PREORDER_REG_SUMM_DETAILS||D_DISPLAY_STATUS||IPHONE11_11PRO_11PROMAX||ANY||2||STATUS||in ('PA','PD','PF')|| || || || || || || || || || ||'A'|| ||2||9/12/2018||12/31/2999
PRD_BIZ_SUMM.PREORDER_REG_SUMM_DETAILS||D_DISPLAY_STATUS||IPHONE11_11PRO_11PROMAX||ANY||3||STATUS||in ('V','VF')||VOID_DATE||> Currretn_Date  - 1|| || || || || || || || ||'A'|| ||3||9/12/2018||12/31/2999
PRD_BIZ_SUMM.PREORDER_REG_SUMM_DETAILS||D_DISPLAY_STATUS||IPHONE11_11PRO_11PROMAX||ANY||4||STATUS||in ('V','VF')|| ||<= Currretn_Date  - 1|| || || || || || || || ||'V'|| ||4||9/12/2018||12/31/2999
PRD_BIZ_SUMM.PREORDER_REG_SUMM_DETAILS||D_DISPLAY_STATUS||IPHONE11_11PRO_11PROMAX||ANY||5||STATUS||= 'O'|| || || || || || || || || || ||'O'|| ||5||9/12/2018||12/31/2999
PRD_BIZ_SUMM.PREORDER_REG_SUMM_DETAILS||D_DISPLAY_STATUS||IPHONE11_11PRO_11PROMAX||ANY||6||STATUS||in ('F','PRA','PRF')||REG_INV_DATE||<= Currretn_Date  - 1||REG_INV_DATE||<> date '1900-01-01'|| || || || || || ||'F'|| ||6||9/12/2018||12/31/2999
PRD_BIZ_SUMM.PREORDER_REG_SUMM_DETAILS||D_DISPLAY_STATUS||IPHONE11_11PRO_11PROMAX||ANY||7||STATUS||in ('F','PRA','PRF')||REG_INV_DATE||> Currretn_Date  - 1|| || || || || || || || ||'A'|| ||7||9/12/2018||12/31/2999
PRD_BIZ_SUMM.PREORDER_REG_SUMM_DETAILS||D_DISPLAY_STATUS||IPHONE11_11PRO_11PROMAX||ANY||8||STATUS||in ('F','PRA','PRF')||REG_INV_DATE||=  date '1900-01-01'|| || || || || || || || ||'A'||PRD_BIZ_SUMM_VW.VW_PREORDER_REG_DETAILS.STATUS||8||9/12/2018||12/31/2999
PRD_BIZ_SUMM.PREORDER_REG_SUMM_DETAILS||D_CUST_NATURE||IPHONE11_11PRO_11PROMAX||ANY||1||ORDER_CHANNEL||='B'|| || || || || || || || || || ||'BM'||'RBD'||1||9/12/2018||12/31/2999
PRD_BIZ_SUMM.PREORDER_REG_SUMM_DETAILS||D_CUST_SEGMENT||IPHONE11_11PRO_11PROMAX||ANY||1||PREPAID_IND||='F'|| || || || || || || || || || ||'Flash Buy'|| ||1||9/12/2018||12/31/2999
PRD_BIZ_SUMM.PREORDER_REG_SUMM_DETAILS||D_CUST_SEGMENT||IPHONE11_11PRO_11PROMAX||ANY||2||CUST_GROUP||='RP'||CUST_NUM||NOT IN ('00000000','66666666','99999999','')|| || || || || || || || ||'RED Pass Existing Cust'|| ||2||9/12/2018||12/31/2999
PRD_BIZ_SUMM.PREORDER_REG_SUMM_DETAILS||D_CUST_SEGMENT||IPHONE11_11PRO_11PROMAX||ANY||3||CUST_GROUP||='RP'||CUST_NUM||in ('00000000','66666666','99999999','')|| || || || || || || || ||'RED Pass New Cust'|| ||3||9/12/2018||12/31/2999
PRD_BIZ_SUMM.PREORDER_REG_SUMM_DETAILS||D_CUST_SEGMENT||IPHONE11_11PRO_11PROMAX||ANY||4||CUST_GROUP||in ('PP','SVC','PR')|| || || || || || || || || || ||'Non RED Pass Existing Cust'|| ||4||9/12/2018||12/31/2999
PRD_BIZ_SUMM.PREORDER_REG_SUMM_DETAILS||D_CUST_SEGMENT||IPHONE11_11PRO_11PROMAX||ANY||5||CUST_GROUP||='NSVC'|| || || || || || || || || || ||'Non RED Pass New cust'||PRD_BIZ_SUMM_VW.VW_PREORDER_REG_DETAILS.CUST_GROUP||5||9/12/2018||12/31/2999
PRD_BIZ_SUMM.PREORDER_REG_SUMM_DETAILS||D_PROD_TYPE||IPHONE11_11PRO_11PROMAX||ANY||1||PREPAID_IND||='Y'|| || || || || || || || || || ||'Prepaid'||'Postpaid'||1||9/12/2018||12/31/2999
PRD_BIZ_SUMM.PREORDER_REG_SUMM_DETAILS||D_HSO_DESC||IPHONE11_11PRO_11PROMAX||ANY||1||PREPAID_IND||='F'|| || || || || || || || || || ||'Flash Buy'|| ||1||9/12/2018||12/31/2999
PRD_BIZ_SUMM.PREORDER_REG_SUMM_DETAILS||D_HSO_DESC||IPHONE11_11PRO_11PROMAX||ANY||2||HSO_IND||in ('U','S')|| || || || || || || || || || ||'SIM Only Plan'||'HS bundle plan'||2||9/12/2018||12/31/2999
PRD_BIZ_SUMM.PREORDER_INV_DETAILS||D_CUST_NATURE||IPHONE11_11PRO_11PROMAX||ANY||1||Online_Inv_Flg||='Y'|| || || || || || || || || || ||'Online'|| ||1||9/12/2018||12/31/2999
PRD_BIZ_SUMM.PREORDER_INV_DETAILS||D_CUST_NATURE||IPHONE11_11PRO_11PROMAX||ANY||2||D_Vaild_Shop_Cd||='Y'|| || || || || || || || || || ||'RBD'|| ||2||9/12/2018||12/31/2999
PRD_BIZ_SUMM.PREORDER_INV_DETAILS||D_CUST_NATURE||IPHONE11_11PRO_11PROMAX||ANY||3||D_Vaild_SO_Cd||='Y'|| || || || || || || || || || ||'SO'|| ||3||9/12/2018||12/31/2999
PRD_BIZ_SUMM.PREORDER_INV_DETAILS||D_CUST_NATURE||IPHONE11_11PRO_11PROMAX||ANY||4||Pos_Shop_Cd||in ('ZZDOA','HRSXX')|| || || || || || || || || || ||'SO'|| ||3||9/12/2018||12/31/2999
PRD_BIZ_SUMM.PREORDER_INV_DETAILS||D_CUST_NATURE||IPHONE11_11PRO_11PROMAX||ANY||5||Pos_Shop_Cd||='DS'||Price_List||in ('DEA','DEB','DEC','DED','DEE','DEF')||Cust_Num||='00000000'||Subr_Num||='00000000'||Salesman_Cd||='SR0000'|| || ||'SO'|| ||3||9/12/2018||12/31/2999
PRD_BIZ_SUMM.PREORDER_INV_DETAILS||D_CUST_NATURE||IPHONE11_11PRO_11PROMAX||ANY||6||Pos_Shop_Cd||='DS'|| || || || || || || || || || ||'BM'|| ||4||9/12/2018||12/31/2999
PRD_BIZ_SUMM.PREORDER_INV_DETAILS||D_CUST_NATURE||IPHONE11_11PRO_11PROMAX||ANY||7||Pos_Shop_Cd||in ('SCB','SCT','WM')|| || || || || || || || || || ||'BM'||'Others'||4||9/12/2018||12/31/2999
PRD_BIZ_SUMM.PREORDER_INV_DETAILS||D_Prepaid_Ind||IPHONE11_11PRO_11PROMAX||ANY||1||Mkt_Cd||='MSR56'||Price_List||='OCE'|| || || || || || || || ||'Y'||'N'||4||9/12/2018||12/31/2999
